{"UUzeKl4s4JFHm9KHGWN3sg==":"html5_geek_matt-copy-122x127.png","MgcFJlcM2pZ6pwZ5BMIRFg==":"mbr-122x91.jpg","oHaEzbg6SvchcWLbpxm5pQ==":"reaverboteye_v2_hd-164x164.png","YCkzCIpG4xPuGS0kdcdF6A==":"reaverboteye_v2_hd-192x192.png","znMd8pFiNDSs1Dcnrac/6Q==":"nithashan1-1200x630.jpg","PlP5bcBoXTGh7femGdLl/Q==":"nitharshan1-500x230.png","3MJ4VHxiVkD12oHK9Ln6EQ==":"nitharshan14-650x407.jpg","rn+wqtXw3Gqof1DG+Xq90w==":"nitharshan12-1600x800.png","As3BmHruZhqn78uSSIBNSA==":"nitharshan13-740x492.jpg","SVqGJb+p7FERv/hB7MIbtA==":"nitharsha12-1280x800.jpg","IZOikPfuLYbI67j9vi9sAw==":"nitharshan34-2000x1250.jpg"}